id;firstname;lastname;birthday;address;phone_1;phone_2;email;photo_url
1;Massimiliano;Chaffe;1987-05-24;3559 Surrey Lane;47-(398)416-3039;81-(576)904-8711;mchaffe0@spotify.com;null
2;Polly;Denver;2002-08-30;480 Pankratz Alley;86-(715)856-5034;62-(378)280-7293;pdenver1@angelfire.com;null
3;Cole;Goodee;2010-09-19;34506 Springview Trail;62-(385)951-7751;55-(465)924-3541;cgoodee2@dion.ne.jp;null
4;Tanitansy;Ithell;2000-06-03;6724 Fallview Plaza;54-(453)150-5437;47-(926)334-4418;tithell3@unicef.org;null
5;Susie;Mersh;2004-10-20;4 Briar Crest Junction;51-(985)238-1450;420-(730)164-1504;smersh4@wordpress.org;null
6;Stacy;Boustred;2001-10-14;7320 Lotheville Lane;81-(741)243-0111;33-(395)314-6911;sboustred5@google.es;null
7;West;Romaines;2004-09-10;10784 Bartelt Way;33-(521)295-6766;7-(530)817-8054;wromaines6@slate.com;null
8;Gill;Penrose;1988-01-11;244 Swallow Street;33-(981)782-5847;33-(153)870-4305;gpenrose7@apple.com;null
9;Annissa;Tegler;1972-07-03;84 Melby Alley;972-(687)863-7222;86-(599)720-4319;ategler8@mozilla.org;null
10;Orazio;Hargreves;1980-12-06;295 Forster Trail;55-(341)827-2457;63-(542)629-1596;ohargreves9@joomla.org;null
11;Reinwald;Mahaddy;1986-05-14;8767 Pierstorff Pass;86-(102)949-2231;86-(659)792-4358;rmahaddya@typepad.com;null
12;Freddy;Bes;1988-10-09;3 Karstens Way;60-(916)187-5209;82-(428)475-9596;fbesb@flickr.com;null
13;Jerrie;Tetford;1998-03-08;6 Mifflin Plaza;84-(456)879-7129;62-(539)874-4662;jtetfordc@mail.ru;null
14;Diena;Swettenham;2003-06-12;2667 Milwaukee Drive;86-(631)189-0180;380-(212)893-9843;dswettenhamd@indiegogo.com;null
15;Enrica;Edwards;1982-09-16;4218 Westend Park;351-(992)233-9796;420-(495)355-0022;eedwardse@disqus.com;null
16;Kamillah;Yarham;1999-05-11;22427 Hoffman Road;1-(979)584-6061;86-(710)348-9505;kyarhamf@google.com.au;null
17;Stillman;Tesdale;1988-10-24;4564 Barnett Junction;30-(631)477-0172;93-(665)859-1221;stesdaleg@goodreads.com;null
18;Pia;Kittle;1972-02-04;92660 Reinke Street;351-(506)480-0178;48-(179)813-4205;pkittleh@ow.ly;null
19;Mona;Birley;2002-10-01;8834 Briar Crest Street;375-(858)762-2927;86-(845)592-5331;mbirleyi@nytimes.com;null
20;Erskine;Askham;1988-05-13;462 Maryland Plaza;7-(371)455-1958;63-(269)225-6687;easkhamj@weebly.com;null
21;Adam;Paish;1996-02-05;55337 Schurz Pass;229-(265)206-8985;63-(544)297-8848;apaishk@theatlantic.com;null
22;Eustace;Scoullar;1996-03-14;12792 Muir Way;7-(309)578-1108;358-(599)972-3339;escoullarl@google.com.hk;null
23;Natalie;Bowman;2009-11-06;926 Holy Cross Pass;86-(620)229-9143;7-(649)576-1916;nbowmanm@netlog.com;null
24;Merv;Isard;2003-04-12;17 Carey Circle;57-(709)950-9312;374-(178)947-3196;misardn@weather.com;null
25;Gabriela;Ellph;1972-12-13;3759 Dawn Trail;55-(157)199-9542;81-(433)157-3511;gellpho@adobe.com;null
26;Mellie;Waszczykowski;1975-10-23;2862 4th Junction;57-(380)363-8738;86-(512)817-5368;mwaszczykowskip@goo.gl;null
27;Rosalinde;Forre;2011-08-05;96228 Susan Hill;86-(766)897-1045;387-(387)325-2973;rforreq@nationalgeographic.com;null
28;Morton;Skivington;2004-06-06;02463 Pearson Terrace;218-(532)256-0595;81-(133)393-7333;mskivingtonr@drupal.org;null
29;Brittany;Cartmill;1988-04-01;787 Brickson Park Lane;62-(126)564-3729;57-(668)922-1013;bcartmills@hao123.com;null
30;Noella;Cicccitti;2009-08-02;950 Florence Pass;52-(157)538-1662;86-(567)562-5048;ncicccittit@ted.com;null
31;Anni;Glen;1971-03-01;2 Carey Hill;1-(528)484-4779;52-(438)131-1706;aglenu@delicious.com;null
32;Addie;Esbrook;1985-01-26;7448 Hagan Avenue;255-(469)552-6625;86-(683)540-8131;aesbrookv@theguardian.com;null
33;Audry;Kuzma;1993-05-11;97 Northland Court;93-(258)149-2796;232-(268)317-0056;akuzmaw@csmonitor.com;null
34;Doralynn;Petruk;1997-11-13;54367 Havey Point;46-(801)861-8346;1-(864)575-9765;dpetrukx@php.net;null
35;Broderic;Forgie;1981-01-28;62 Bunting Junction;86-(394)198-3007;84-(633)767-4165;bforgiey@cyberchimps.com;null
36;Juieta;Brinkley;1978-04-07;3987 Dexter Drive;62-(663)897-4854;86-(843)860-6161;jbrinkleyz@reverbnation.com;null
37;Lane;Americi;1989-10-17;7 Westerfield Road;49-(461)216-2788;57-(530)909-5344;lamerici10@webs.com;null
38;Bobbie;Kingsly;1977-05-14;61309 Messerschmidt Plaza;86-(716)125-3220;86-(994)480-6762;bkingsly11@hostgator.com;null
39;Clifford;Boddam;2000-10-27;8886 Sullivan Hill;31-(109)722-6434;7-(944)793-2651;cboddam12@over-blog.com;null
40;Alice;Barlow;2010-10-07;63 Macpherson Hill;86-(735)333-8561;351-(549)282-0197;abarlow13@eepurl.com;null
41;Flore;Venart;2011-11-14;3 Kipling Parkway;62-(758)402-3706;81-(349)213-2010;fvenart14@fastcompany.com;null
42;Binky;Kemmey;1973-03-26;4 Chinook Terrace;351-(604)995-3003;57-(527)760-2483;bkemmey15@geocities.com;null
43;Trenton;Dohmer;1986-02-23;94 Delaware Trail;62-(165)162-5816;81-(275)458-4595;tdohmer16@pcworld.com;null
44;Billy;Cumberlidge;2007-09-25;70 Haas Alley;62-(793)406-8302;86-(252)983-2181;bcumberlidge17@bing.com;null
45;Monte;Gadsden;2003-11-22;7 Talmadge Terrace;386-(326)762-0099;7-(741)522-8081;mgadsden18@blogs.com;null
46;Melisent;Northcliffe;1994-06-23;0 Grayhawk Park;7-(979)978-0667;1-(862)223-7428;mnorthcliffe19@europa.eu;null
47;Angelle;Stanistreet;2006-04-13;47 Lindbergh Alley;7-(188)618-7564;48-(575)696-2913;astanistreet1a@php.net;null
48;Fayina;Bulpitt;1987-04-05;23734 Granby Lane;92-(865)939-5617;86-(516)715-2259;fbulpitt1b@prnewswire.com;null
49;Marieann;Furmston;1988-07-10;2 Sauthoff Center;86-(933)247-8061;51-(315)802-9343;mfurmston1c@technorati.com;null
50;Em;Gotliffe;1999-04-26;324 Derek Park;351-(539)680-8251;66-(703)785-9843;egotliffe1d@lulu.com;null
51;Josselyn;Samuel;1988-08-03;9382 Sommers Street;63-(521)493-9039;598-(450)216-2336;jsamuel1e@cisco.com;null
52;Barrie;Dresse;2008-07-16;39 Reinke Road;86-(973)219-2938;55-(647)632-0611;bdresse1f@accuweather.com;null
53;Sharla;Huscroft;1978-05-16;8 Waxwing Point;62-(601)208-1763;46-(385)548-6061;shuscroft1g@tinyurl.com;null
54;Adey;Bryson;1971-09-13;79 Tony Hill;86-(454)779-3117;502-(296)743-1761;abryson1h@npr.org;null
55;Evey;Leaney;1994-09-06;25715 Tennessee Avenue;380-(830)474-2080;502-(246)271-5308;eleaney1i@youtube.com;null
56;Gavra;Panniers;1972-02-08;72 Fairfield Junction;86-(368)152-4763;30-(219)839-8436;gpanniers1j@newyorker.com;null
57;Aksel;Southey;1974-11-07;44520 Heath Alley;86-(483)796-6422;63-(193)775-9475;asouthey1k@bloglines.com;null
58;Merilyn;Anstee;2007-11-29;6834 Hanson Trail;57-(508)256-4097;212-(947)713-2574;manstee1l@msu.edu;null
59;Mackenzie;Dickerson;2011-07-05;01440 Hallows Plaza;60-(724)571-3718;7-(986)728-5084;mdickerson1m@instagram.com;null
60;Aaron;Oleksiak;1999-11-16;840 Meadow Ridge Pass;86-(226)938-9669;86-(177)174-4013;aoleksiak1n@hugedomains.com;null
61;Derward;Jessett;1990-02-20;84 Commercial Lane;48-(710)300-0008;62-(620)930-5795;djessett1o@vk.com;null
62;Corrine;Grimley;2009-04-15;5652 Ohio Terrace;47-(155)968-4741;62-(914)240-4853;cgrimley1p@odnoklassniki.ru;null
63;Sarina;Coe;1987-03-18;39391 Arizona Lane;61-(408)334-4883;7-(253)280-9567;scoe1q@skyrock.com;null
64;Rosabella;Cartwright;1977-04-09;420 Vernon Terrace;63-(108)732-1739;7-(881)573-1430;rcartwright1r@youtube.com;null
65;Kattie;Pavlik;1993-10-16;6 Vahlen Crossing;358-(646)915-4013;93-(713)137-6873;kpavlik1s@webnode.com;null
66;Venus;Di Baudi;1988-01-19;52 East Plaza;55-(902)262-1213;1-(845)299-9923;vdibaudi1t@miitbeian.gov.cn;null
67;Rosmunda;Stuther;1999-08-09;0 Hollow Ridge Junction;49-(216)923-3477;48-(997)982-8189;rstuther1u@prlog.org;null
68;Beverlee;Haddow;1976-06-30;845 Carioca Center;62-(106)250-1880;962-(370)280-3819;bhaddow1v@51.la;null
69;Cassey;Driutti;1996-12-05;1 Autumn Leaf Street;351-(352)955-7195;84-(366)648-8144;cdriutti1w@godaddy.com;null
70;Erna;Elsmor;1985-06-06;0 Loomis Pass;86-(960)101-5410;51-(262)515-5349;eelsmor1x@elpais.com;null
71;Orsa;Varnals;1970-10-08;42593 Bluejay Road;7-(440)939-5345;81-(285)816-0117;ovarnals1y@constantcontact.com;null
72;Jessa;Lilford;1990-01-22;58451 Hayes Point;260-(706)580-2336;86-(915)577-4532;jlilford1z@cargocollective.com;null
73;Patty;Gathercoal;2002-12-09;6856 Russell Parkway;55-(509)979-1393;81-(788)574-2401;pgathercoal20@constantcontact.com;null
74;Mechelle;Maneylaws;1981-12-17;83 Kingsford Alley;86-(975)259-2134;33-(471)864-5648;mmaneylaws21@uiuc.edu;null
75;Marilyn;Wilks;1990-05-10;47597 La Follette Drive;48-(407)782-5608;86-(955)214-3057;mwilks22@mlb.com;null
76;Deedee;Fortun;2003-02-10;8430 Glendale Circle;228-(542)187-8846;62-(654)112-0487;dfortun23@reddit.com;null
77;Lori;Wintle;1980-09-15;609 Kings Hill;46-(873)792-8291;86-(616)867-9601;lwintle24@ameblo.jp;null
78;Penny;Collcutt;1976-11-17;1 Lawn Point;62-(953)337-9277;33-(761)964-7422;pcollcutt25@go.com;null
79;Cullie;Aers;1982-03-13;56 Hoard Hill;55-(140)870-4934;420-(402)415-1910;caers26@constantcontact.com;null
80;Harold;Piscopiello;1999-05-02;44829 Macpherson Drive;30-(398)909-1209;967-(542)472-4963;hpiscopiello27@51.la;null
81;Jamaal;Kybbye;2003-01-29;45412 Hansons Alley;420-(695)156-9389;62-(426)812-5555;jkybbye28@unicef.org;null
82;Manda;Speke;1979-05-29;99245 Harbort Drive;86-(627)742-6953;63-(507)767-4301;mspeke29@statcounter.com;null
83;Mose;Broodes;2005-04-13;72812 Spohn Circle;86-(345)506-5436;55-(308)302-4711;mbroodes2a@hubpages.com;null
84;Arielle;Tevlin;2004-09-01;1717 Spenser Park;86-(794)310-2023;86-(661)642-1180;atevlin2b@qq.com;null
85;Jonah;Albasiny;2005-07-04;3527 Oxford Lane;506-(121)337-6273;994-(380)622-3214;jalbasiny2c@diigo.com;null
86;Anny;Moxham;1994-12-04;89 North Lane;86-(248)671-3584;381-(178)651-0762;amoxham2d@ebay.com;null
87;Stephanus;Jameson;1993-05-08;16 Butternut Crossing;57-(861)857-3571;55-(488)624-2893;sjameson2e@uiuc.edu;null
88;Ruthanne;Skune;1983-07-12;08185 Forest Run Hill;420-(725)744-2097;66-(562)312-2156;rskune2f@wiley.com;null
89;Glenna;Astall;1987-08-02;597 Mcguire Alley;7-(965)491-7311;51-(903)315-2135;gastall2g@prlog.org;null
90;Sherline;Gerlack;1997-08-05;19 Grayhawk Road;86-(505)650-9812;57-(696)568-9670;sgerlack2h@msn.com;null
91;Ronnie;Greatbanks;2001-07-19;0407 Rutledge Park;976-(750)336-1486;92-(350)356-7134;rgreatbanks2i@woothemes.com;null
92;Esra;Crummay;1972-03-20;82557 Grayhawk Alley;47-(225)904-2473;30-(258)897-1516;ecrummay2j@dedecms.com;null
93;Imojean;Ladloe;1983-03-20;65 Bluejay Terrace;964-(618)128-8632;46-(156)777-1360;iladloe2k@gnu.org;null
94;Darrin;Cominotti;1984-03-03;440 Spohn Circle;593-(361)673-7196;966-(755)678-4206;dcominotti2l@usnews.com;null
95;Jacquenetta;Haslum;2011-06-08;504 Hauk Street;46-(888)809-0077;1-(318)110-4141;jhaslum2m@npr.org;null
96;Ephraim;Carter;1979-10-25;94950 Northport Parkway;55-(929)801-8972;62-(315)661-7456;ecarter2n@google.es;null
97;Amabel;Barford;1990-09-23;7952 Monument Place;212-(730)712-2307;48-(158)399-5575;abarford2o@dmoz.org;null
98;Ramsay;Butland;1993-05-11;064 Morrow Trail;55-(859)654-4328;86-(764)513-5701;rbutland2p@fastcompany.com;null
99;Cristin;Fennessy;2001-06-26;686 Ronald Regan Road;84-(969)632-6363;62-(231)980-0220;cfennessy2q@columbia.edu;null
100;Asa;Lampens;1984-05-21;5 Eliot Road;86-(853)926-5480;86-(278)585-5604;alampens2r@cbsnews.com;null
